step,primitive,prim_step,e_norm,V,qd_raw_norm,qd_norm,proj_delta,cos_to_goal
3,transport,1,2.30358,21.22599,2.82234,2.82234,0.00000,0.94729
4,transport,2,2.30280,21.21148,2.82154,2.82154,0.00000,0.94728
5,transport,3,2.30104,21.17910,2.82023,2.82023,0.00000,0.94731
6,transport,4,2.29844,21.13136,2.81829,2.81829,0.00000,0.94736
7,transport,5,2.29505,21.06895,2.81574,2.81574,0.00000,0.94742
8,transport,6,2.29088,20.99257,2.81261,2.81261,0.00000,0.94750
9,transport,7,2.28598,20.90288,2.80892,2.80892,0.00000,0.94759
10,transport,8,2.28038,20.80054,2.80469,2.80469,0.00000,0.94770
11,transport,9,2.27410,20.68620,2.79994,2.79994,0.00000,0.94782
12,transport,10,2.26718,20.56050,2.79469,2.79469,0.00000,0.94796
13,transport,11,2.25965,20.42406,2.78897,2.78897,0.00000,0.94811
14,transport,12,2.25153,20.27747,2.78278,2.78278,0.00000,0.94828
15,transport,13,2.24284,20.12132,2.77614,2.77614,0.00000,0.94846
16,transport,14,2.23362,19.95620,2.76907,2.76907,0.00000,0.94866
17,transport,15,2.22388,19.78264,2.76159,2.76159,0.00000,0.94887
18,transport,16,2.21366,19.60117,2.75371,2.75371,0.00000,0.94910
19,transport,17,2.20297,19.41235,2.74544,2.74544,0.00000,0.94935
20,transport,18,2.19184,19.21665,2.73678,2.73678,0.00000,0.94961
21,transport,19,2.18029,19.01458,2.72776,2.72776,0.00000,0.94989
22,transport,20,2.16833,18.80659,2.71837,2.71837,0.00000,0.95019
23,transport,21,2.15599,18.59316,2.70862,2.70862,0.00000,0.95050
24,transport,22,2.14329,18.37472,2.69853,2.69853,0.00000,0.95083
25,transport,23,2.13024,18.15170,2.68809,2.68809,0.00000,0.95118
26,transport,24,2.11687,17.92450,2.67731,2.67731,0.00000,0.95154
27,transport,25,2.10318,17.69351,2.66621,2.66621,0.00000,0.95192
28,transport,26,2.08920,17.45910,2.65480,2.65480,0.00000,0.95231
29,transport,27,2.07495,17.22165,2.64309,2.64309,0.00000,0.95271
30,transport,28,2.06043,16.98151,2.63112,2.63112,0.00000,0.95313
31,transport,29,2.04567,16.73899,2.61892,2.61892,0.00000,0.95355
32,transport,30,2.03067,16.49443,2.60653,2.60653,0.00000,0.95398
33,transport,31,2.01545,16.24812,2.59400,2.59400,0.00000,0.95441
34,transport,32,2.00002,16.00036,2.58140,2.58140,0.00000,0.95483
35,transport,33,1.98440,15.75144,2.56879,2.56879,0.00000,0.95525
36,transport,34,1.96860,15.50160,2.55626,2.55626,0.00000,0.95564
37,transport,35,1.95263,15.25110,2.54387,2.54387,0.00000,0.95600
38,transport,36,1.93650,15.00018,2.53168,2.53168,0.00000,0.95633
39,transport,37,1.92023,14.74907,2.51971,2.51971,0.00000,0.95662
40,transport,38,1.90381,14.49798,2.50798,2.50798,0.00000,0.95687
41,transport,39,1.88727,14.24710,2.49641,2.49641,0.00000,0.95707
42,transport,40,1.87060,13.99663,2.48493,2.48493,0.00000,0.95724
43,transport,41,1.85383,13.74675,2.47337,2.47337,0.00000,0.95738
44,transport,42,1.83696,13.49762,2.46157,2.46157,0.00000,0.95752
45,transport,43,1.81999,13.24943,2.44935,2.44935,0.00000,0.95768
46,transport,44,1.80294,13.00232,2.43653,2.43653,0.00000,0.95787
47,transport,45,1.78581,12.75644,2.42300,2.42300,0.00000,0.95811
48,transport,46,1.76861,12.51191,2.40870,2.40870,0.00000,0.95843
49,transport,47,1.75135,12.26889,2.39360,2.39360,0.00000,0.95883
50,transport,48,1.73403,12.02750,2.37777,2.37777,0.00000,0.95932
51,transport,49,1.71667,11.78785,2.36127,2.36127,0.00000,0.95988
52,transport,50,1.69927,11.55009,2.34422,2.34422,0.00000,0.96051
53,transport,51,1.68184,11.31430,2.32672,2.32672,0.00000,0.96121
54,transport,52,1.66438,11.08061,2.30890,2.30890,0.00000,0.96196
55,transport,53,1.64690,10.84911,2.29087,2.29087,0.00000,0.96276
56,transport,54,1.62941,10.61988,2.27273,2.27273,0.00000,0.96359
57,transport,55,1.61191,10.39302,2.25455,2.25455,0.00000,0.96445
58,transport,56,1.59441,10.16859,2.23641,2.23641,0.00000,0.96532
59,transport,57,1.57692,9.94667,2.21837,2.21837,0.00000,0.96620
60,transport,58,1.55943,9.72731,2.20047,2.20047,0.00000,0.96709
61,transport,59,1.54196,9.51059,2.18277,2.18277,0.00000,0.96798
62,transport,60,1.52451,9.29655,2.16528,2.16528,0.00000,0.96886
63,transport,61,1.50709,9.08523,2.14804,2.14804,0.00000,0.96974
64,transport,62,1.48969,8.87668,2.13108,2.13108,0.00000,0.97060
65,transport,63,1.47232,8.67092,2.11444,2.11444,0.00000,0.97144
66,transport,64,1.45499,8.46798,2.09814,2.09814,0.00000,0.97227
67,transport,65,1.43770,8.26789,2.08222,2.08222,0.00000,0.97307
68,transport,66,1.42045,8.07066,2.06674,2.06674,0.00000,0.97383
69,transport,67,1.40324,7.87629,2.05175,2.05175,0.00000,0.97457
70,transport,68,1.38607,7.68479,2.03731,2.03731,0.00000,0.97525
71,transport,69,1.36895,7.49615,2.02347,2.02347,0.00000,0.97589
72,transport,70,1.35188,7.31033,2.01028,2.01028,0.00000,0.97648
73,transport,71,1.33485,7.12725,1.99775,1.99775,0.00000,0.97699
74,transport,72,1.31783,6.94667,1.98584,1.98584,0.00000,0.97744
75,transport,73,1.30066,6.76690,1.97431,1.97431,0.00000,0.97784
76,transport,74,1.28403,6.59495,1.96375,1.96375,0.00000,0.97812
77,transport,75,1.26737,6.42486,1.95330,1.95330,0.00000,0.97835
78,transport,76,1.25073,6.25729,1.94281,1.94281,0.00000,0.97855
79,transport,77,1.23414,6.09239,1.93200,1.93200,0.00000,0.97872
80,transport,78,1.21760,5.93021,1.92064,1.92064,0.00000,0.97890
81,transport,79,1.20112,5.77076,1.90850,1.90850,0.00000,0.97912
82,transport,80,1.18470,5.61406,1.89544,1.89544,0.00000,0.97940
83,transport,81,1.16834,5.46010,1.88141,1.88141,0.00000,0.97977
84,transport,82,1.15205,5.30889,1.86643,1.86643,0.00000,0.98025
85,transport,83,1.13583,5.16042,1.85059,1.85059,0.00000,0.98085
86,transport,84,1.11968,5.01470,1.83402,1.83402,0.00000,0.98156
87,transport,85,1.10360,4.87170,1.81688,1.81688,0.00000,0.98239
88,transport,86,1.08759,4.73143,1.79931,1.79931,0.00000,0.98330
89,transport,87,1.07167,4.59387,1.78144,1.78144,0.00000,0.98430
90,transport,88,1.05582,4.45902,1.76336,1.76336,0.00000,0.98535
91,transport,89,1.04005,4.32686,1.74513,1.74513,0.00000,0.98643
92,transport,90,1.02437,4.19737,1.72679,1.72679,0.00000,0.98751
93,transport,91,1.00878,4.07054,1.70832,1.70832,0.00000,0.98857
94,transport,92,0.99327,3.94635,1.68972,1.68972,0.00000,0.98960
95,transport,93,0.97785,3.82477,1.67098,1.67098,0.00000,0.99058
96,transport,94,0.96252,3.70580,1.65213,1.65213,0.00000,0.99149
97,transport,95,0.94729,3.58942,1.63321,1.63321,0.00000,0.99235
98,transport,96,0.93215,3.47559,1.61433,1.61433,0.00000,0.99315
99,transport,97,0.91710,3.36431,1.59565,1.59565,0.00000,0.99389
100,transport,98,0.90216,3.25555,1.57742,1.57742,0.00000,0.99459
101,transport,99,0.88731,3.14929,1.55992,1.55992,0.00000,0.99527
102,transport,100,0.87257,3.04549,1.54347,1.54347,0.00000,0.99591
103,transport,101,0.85792,2.94413,1.52839,1.52839,0.00000,0.99655
104,transport,102,0.84338,2.84517,1.51487,1.51487,0.00000,0.99716
105,transport,103,0.82894,2.74858,1.50294,1.50294,0.00000,0.99774
106,transport,104,0.81460,2.65431,1.49236,1.49236,0.00000,0.99827
107,transport,105,0.80036,2.56233,1.48261,1.48261,0.00000,0.99873
108,transport,106,0.78622,2.47259,1.47296,1.47296,0.00000,0.99911
109,transport,107,0.77218,2.38505,1.46263,1.46263,0.00000,0.99940
110,transport,108,0.75823,2.29967,1.45090,1.45090,0.00000,0.99962
111,transport,109,0.74438,2.21642,1.43731,1.43731,0.00000,0.99976
112,transport,110,0.73063,2.13527,1.42167,1.42167,0.00000,0.99985
113,transport,111,0.71697,2.05618,1.40403,1.40403,0.00000,0.99991
114,transport,112,0.70341,1.97914,1.38459,1.38459,0.00000,0.99995
115,transport,113,0.68995,1.90412,1.36363,1.36363,0.00000,0.99997
116,transport,114,0.67659,1.83112,1.34147,1.34147,0.00000,0.99998
117,transport,115,0.66334,1.76010,1.31840,1.31840,0.00000,0.99999
118,transport,116,0.65020,1.69105,1.29467,1.29467,0.00000,0.99999
119,transport,117,0.63717,1.62396,1.27049,1.27049,0.00000,0.99999
120,transport,118,0.62426,1.55881,1.24602,1.24602,0.00000,0.99999
121,transport,119,0.61147,1.49557,1.22141,1.22141,0.00000,0.99999
122,transport,120,0.59880,1.43422,1.19675,1.19675,0.00000,0.99999
123,transport,121,0.58625,1.37475,1.17212,1.17212,0.00000,0.99999
124,transport,122,0.57383,1.31712,1.14758,1.14758,0.00000,0.99999
125,transport,123,0.56154,1.26132,1.12318,1.12318,0.00000,0.99999
126,transport,124,0.54939,1.20731,1.09896,1.09896,0.00000,0.99999
127,transport,125,0.53737,1.15507,1.07495,1.07495,0.00000,0.99999
128,transport,126,0.52549,1.10456,1.05116,1.05116,0.00000,0.99999
129,transport,127,0.51375,1.05577,1.02762,1.02762,0.00000,0.99999
130,transport,128,0.50216,1.00865,1.00434,1.00434,0.00000,0.99999
131,transport,129,0.49071,0.96317,0.98133,0.98133,0.00000,0.99999
132,transport,130,0.47940,0.91931,0.95860,0.95860,0.00000,0.99999
133,transport,131,0.46825,0.87702,0.93616,0.93616,0.00000,0.99999
134,transport,132,0.45724,0.83628,0.91401,0.91401,0.00000,0.99999
135,transport,133,0.44639,0.79704,0.89216,0.89216,0.00000,0.99999
136,transport,134,0.43568,0.75928,0.87062,0.87062,0.00000,0.99999
137,transport,135,0.42513,0.72295,0.84938,0.84938,0.00000,0.99999
138,transport,136,0.41473,0.68802,0.82845,0.82845,0.00000,0.99999
139,transport,137,0.40449,0.65446,0.80783,0.80783,0.00000,0.99999
140,transport,138,0.39441,0.62222,0.78753,0.78753,0.00000,0.99999
141,transport,139,0.38447,0.59128,0.76754,0.76754,0.00000,0.99999
142,transport,140,0.37470,0.56160,0.74787,0.74787,0.00000,0.99998
143,transport,141,0.36508,0.53313,0.72852,0.72852,0.00000,0.99998
144,transport,142,0.35562,0.50586,0.70949,0.70949,0.00000,0.99998
145,transport,143,0.34631,0.47973,0.69077,0.69077,0.00000,0.99998
146,transport,144,0.33716,0.45472,0.67238,0.67238,0.00000,0.99998
147,transport,145,0.32817,0.43078,0.65430,0.65430,0.00000,0.99998
148,transport,146,0.31933,0.40789,0.63653,0.63653,0.00000,0.99998
149,transport,147,0.31065,0.38602,0.61909,0.61909,0.00000,0.99998
150,transport,148,0.30213,0.36512,0.60196,0.60196,0.00000,0.99998
151,transport,149,0.29375,0.34517,0.58515,0.58515,0.00000,0.99998
152,transport,150,0.28554,0.32613,0.56864,0.56864,0.00000,0.99998
153,transport,151,0.27747,0.30797,0.55245,0.55245,0.00000,0.99997
154,transport,152,0.26956,0.29066,0.53658,0.53658,0.00000,0.99997
155,transport,153,0.26181,0.27417,0.52101,0.52101,0.00000,0.99997
156,transport,154,0.25420,0.25847,0.50574,0.50574,0.00000,0.99997
157,transport,155,0.24674,0.24353,0.49079,0.49079,0.00000,0.99997
158,transport,156,0.23943,0.22932,0.47613,0.47613,0.00000,0.99997
159,transport,157,0.23228,0.21581,0.46178,0.46178,0.00000,0.99997
160,transport,158,0.22526,0.20297,0.44772,0.44772,0.00000,0.99997
161,transport,159,0.21840,0.19079,0.43396,0.43396,0.00000,0.99996
162,transport,160,0.21168,0.17923,0.42050,0.42050,0.00000,0.99996
163,transport,161,0.20510,0.16826,0.40732,0.40732,0.00000,0.99996
164,transport,162,0.19867,0.15787,0.39444,0.39444,0.00000,0.99996
165,transport,163,0.19237,0.14803,0.38184,0.38184,0.00000,0.99996
166,transport,164,0.18622,0.13871,0.36953,0.36953,0.00000,0.99995
167,transport,165,0.18021,0.12990,0.35750,0.35750,0.00000,0.99995
168,transport,166,0.17433,0.12156,0.34574,0.34574,0.00000,0.99995
169,transport,167,0.16859,0.11369,0.33426,0.33426,0.00000,0.99995
170,transport,168,0.16298,0.10625,0.32305,0.32305,0.00000,0.99995
171,transport,169,0.15751,0.09924,0.31211,0.31211,0.00000,0.99994
172,transport,170,0.15217,0.09262,0.30144,0.30144,0.00000,0.99994
173,transport,171,0.14696,0.08639,0.29103,0.29103,0.00000,0.99994
174,transport,172,0.14188,0.08051,0.28089,0.28089,0.00000,0.99993
175,transport,173,0.13692,0.07499,0.27099,0.27099,0.00000,0.99993
176,transport,174,0.13209,0.06979,0.26136,0.26136,0.00000,0.99993
177,transport,175,0.12739,0.06491,0.25197,0.25197,0.00000,0.99992
178,transport,176,0.12281,0.06033,0.24284,0.24284,0.00000,0.99992
179,transport,177,0.11835,0.05602,0.23395,0.23395,0.00000,0.99991
180,transport,178,0.11401,0.05199,0.22530,0.22530,0.00000,0.99991
181,transport,179,0.10979,0.04821,0.21689,0.21689,0.00000,0.99990
182,transport,180,0.10568,0.04468,0.20872,0.20872,0.00000,0.99990
183,transport,181,0.10170,0.04137,0.20078,0.20078,0.00000,0.99989
184,transport,182,0.09782,0.03828,0.19308,0.19308,0.00000,0.99988
185,transport,183,0.09406,0.03539,0.18560,0.18560,0.00000,0.99988
186,transport,184,0.09041,0.03270,0.17834,0.17834,0.00000,0.99987
187,transport,185,0.08688,0.03019,0.17132,0.17132,0.00000,0.99986
188,transport,186,0.08345,0.02785,0.16451,0.16451,0.00000,0.99985
189,transport,187,0.08013,0.02568,0.15791,0.15791,0.00000,0.99984
190,transport,188,0.07692,0.02366,0.15154,0.15154,0.00000,0.99983
191,transport,189,0.07381,0.02179,0.14538,0.14538,0.00000,0.99982
192,transport,190,0.07080,0.02005,0.13942,0.13942,0.00000,0.99981
193,transport,191,0.06790,0.01844,0.13368,0.13368,0.00000,0.99979
194,transport,192,0.06510,0.01695,0.12814,0.12814,0.00000,0.99978
195,transport,193,0.06241,0.01558,0.12281,0.12281,0.00000,0.99976
196,transport,194,0.05981,0.01431,0.11768,0.11768,0.00000,0.99975
197,transport,195,0.05731,0.01314,0.11274,0.11274,0.00000,0.99973
198,transport,196,0.05491,0.01206,0.10801,0.10801,0.00000,0.99971
199,transport,197,0.05261,0.01107,0.10348,0.10348,0.00000,0.99969
200,transport,198,0.05041,0.01016,0.09914,0.09914,0.00000,0.99967
201,transport,199,0.04830,0.00933,0.09499,0.09499,0.00000,0.99964
206,transport,1,1.59352,10.15726,2.44709,2.44709,0.00000,0.98733
207,transport,2,1.59298,10.15028,2.44686,2.44686,0.00000,0.98733
208,transport,3,1.59157,10.13239,2.44597,2.44597,0.00000,0.98733
209,transport,4,1.58953,10.10644,2.44463,2.44463,0.00000,0.98733
210,transport,5,1.58685,10.07243,2.44283,2.44283,0.00000,0.98734
211,transport,6,1.58355,10.03048,2.44058,2.44058,0.00000,0.98734
212,transport,7,1.57961,9.98071,2.43791,2.43791,0.00000,0.98735
213,transport,8,1.57499,9.92238,2.43471,2.43471,0.00000,0.98735
214,transport,9,1.56982,9.85734,2.43123,2.43123,0.00000,0.98736
215,transport,10,1.56400,9.78443,2.42728,2.42728,0.00000,0.98737
216,transport,11,1.55766,9.70519,2.42306,2.42306,0.00000,0.98738
217,transport,12,1.55070,9.61868,2.41842,2.41842,0.00000,0.98739
218,transport,13,1.54325,9.52644,2.41357,2.41357,0.00000,0.98740
219,transport,14,1.53523,9.42767,2.40836,2.40836,0.00000,0.98742
220,transport,15,1.52674,9.32379,2.40300,2.40300,0.00000,0.98744
221,transport,16,1.51774,9.21413,2.39735,2.39735,0.00000,0.98746
222,transport,17,1.50831,9.10000,2.39161,2.39161,0.00000,0.98748
223,transport,18,1.49840,8.98084,2.38566,2.38566,0.00000,0.98751
224,transport,19,1.48811,8.85785,2.37965,2.37965,0.00000,0.98754
225,transport,20,1.47738,8.73060,2.37350,2.37350,0.00000,0.98757
226,transport,21,1.46630,8.60010,2.36730,2.36730,0.00000,0.98762
227,transport,22,1.45482,8.46606,2.36096,2.36096,0.00000,0.98767
228,transport,23,1.44303,8.32937,2.35453,2.35453,0.00000,0.98773
229,transport,24,1.43092,8.19017,2.34794,2.34794,0.00000,0.98781
230,transport,25,1.41850,8.04861,2.34112,2.34112,0.00000,0.98790
231,transport,26,1.40579,7.90495,2.33401,2.33401,0.00000,0.98803
232,transport,27,1.39280,7.75957,2.32652,2.32652,0.00000,0.98819
233,transport,28,1.37953,7.61245,2.31856,2.31856,0.00000,0.98839
234,transport,29,1.36603,7.46411,2.31009,2.31009,0.00000,0.98863
235,transport,30,1.35228,7.31460,2.30101,2.30101,0.00000,0.98893
236,transport,31,1.33831,7.16432,2.29129,2.29129,0.00000,0.98929
237,transport,32,1.32414,7.01334,2.28090,2.28090,0.00000,0.98970
238,transport,33,1.30977,6.86195,2.26984,2.26984,0.00000,0.99016
239,transport,34,1.29521,6.71028,2.25812,2.25812,0.00000,0.99068
240,transport,35,1.28049,6.55858,2.24579,2.24579,0.00000,0.99124
241,transport,36,1.26560,6.40698,2.23291,2.23291,0.00000,0.99183
242,transport,37,1.25057,6.25567,2.21954,2.21954,0.00000,0.99245
243,transport,38,1.23539,6.10478,2.20579,2.20579,0.00000,0.99309
244,transport,39,1.22009,5.95449,2.19176,2.19176,0.00000,0.99373
245,transport,40,1.20467,5.80492,2.17755,2.17755,0.00000,0.99438
246,transport,41,1.18914,5.65625,2.16330,2.16330,0.00000,0.99502
247,transport,42,1.17351,5.50855,2.14910,2.14910,0.00000,0.99564
248,transport,43,1.15780,5.36198,2.13504,2.13504,0.00000,0.99624
249,transport,44,1.14200,5.21661,2.12115,2.12115,0.00000,0.99681
250,transport,45,1.12612,5.07259,2.10737,2.10737,0.00000,0.99734
251,transport,46,1.11017,4.92990,2.09357,2.09357,0.00000,0.99782
252,transport,47,1.09416,4.78873,2.07951,2.07951,0.00000,0.99824
253,transport,48,1.07809,4.64911,2.06486,2.06486,0.00000,0.99860
254,transport,49,1.06198,4.51123,2.04928,2.04928,0.00000,0.99889
255,transport,50,1.04583,4.37506,2.03243,2.03243,0.00000,0.99912
256,transport,51,1.02966,4.24077,2.01406,2.01406,0.00000,0.99930
257,transport,52,1.01345,4.10835,1.99399,1.99399,0.00000,0.99943
258,transport,53,0.99723,3.97790,1.97221,1.97221,0.00000,0.99953
259,transport,54,0.98101,3.84949,1.94878,1.94878,0.00000,0.99961
260,transport,55,0.96478,3.72317,1.92383,1.92383,0.00000,0.99967
261,transport,56,0.94856,3.59903,1.89755,1.89755,0.00000,0.99972
262,transport,57,0.93235,3.47712,1.87012,1.87012,0.00000,0.99976
263,transport,58,0.91617,3.35748,1.84175,1.84175,0.00000,0.99979
264,transport,59,0.90002,3.24017,1.81260,1.81260,0.00000,0.99981
265,transport,60,0.88392,3.12525,1.78284,1.78284,0.00000,0.99984
266,transport,61,0.86786,3.01276,1.75260,1.75260,0.00000,0.99985
267,transport,62,0.85187,2.90275,1.72202,1.72202,0.00000,0.99987
268,transport,63,0.83595,2.79522,1.69117,1.69117,0.00000,0.99988
269,transport,64,0.82009,2.69022,1.66016,1.66016,0.00000,0.99989
270,transport,65,0.80432,2.58775,1.62904,1.62904,0.00000,0.99990
271,transport,66,0.78864,2.48782,1.59789,1.59789,0.00000,0.99991
272,transport,67,0.77306,2.39046,1.56675,1.56675,0.00000,0.99992
273,transport,68,0.75757,2.29566,1.53566,1.53566,0.00000,0.99992
274,transport,69,0.74220,2.20344,1.50469,1.50469,0.00000,0.99993
275,transport,70,0.72694,2.11377,1.47384,1.47384,0.00000,0.99993
276,transport,71,0.71181,2.02667,1.44316,1.44316,0.00000,0.99993
277,transport,72,0.69680,1.94210,1.41268,1.41268,0.00000,0.99994
278,transport,73,0.68192,1.86006,1.38241,1.38241,0.00000,0.99994
279,transport,74,0.66718,1.78052,1.35238,1.35238,0.00000,0.99994
280,transport,75,0.65258,1.70345,1.32260,1.32260,0.00000,0.99994
281,transport,76,0.63813,1.62884,1.29309,1.29309,0.00000,0.99995
282,transport,77,0.62383,1.55664,1.26388,1.26388,0.00000,0.99995
283,transport,78,0.60968,1.48684,1.23496,1.23496,0.00000,0.99995
284,transport,79,0.59569,1.41938,1.20636,1.20636,0.00000,0.99995
285,transport,80,0.58186,1.35426,1.17809,1.17809,0.00000,0.99995
286,transport,81,0.56820,1.29140,1.15015,1.15015,0.00000,0.99996
287,transport,82,0.55470,1.23079,1.12255,1.12255,0.00000,0.99996
288,transport,83,0.54138,1.17235,1.09530,1.09530,0.00000,0.99996
289,transport,84,0.52823,1.11609,1.06842,1.06842,0.00000,0.99996
290,transport,85,0.51524,1.06191,1.04189,1.04189,0.00000,0.99996
291,transport,86,0.50245,1.00981,1.01573,1.01573,0.00000,0.99996
292,transport,87,0.48982,0.95969,0.98994,0.98994,0.00000,0.99997
293,transport,88,0.47738,0.91156,0.96454,0.96454,0.00000,0.99997
294,transport,89,0.46511,0.86531,0.93949,0.93949,0.00000,0.99997
295,transport,90,0.45303,0.82096,0.91485,0.91485,0.00000,0.99997
296,transport,91,0.44113,0.77838,0.89057,0.89057,0.00000,0.99997
297,transport,92,0.42942,0.73761,0.86670,0.86670,0.00000,0.99997
298,transport,93,0.41788,0.69851,0.84318,0.84318,0.00000,0.99997
299,transport,94,0.40654,0.66111,0.82008,0.82008,0.00000,0.99998
300,transport,95,0.39537,0.62528,0.79734,0.79734,0.00000,0.99998
301,transport,96,0.38441,0.59107,0.77501,0.77501,0.00000,0.99998
302,transport,97,0.37361,0.55833,0.75304,0.75304,0.00000,0.99998
303,transport,98,0.36301,0.52712,0.73149,0.73149,0.00000,0.99998
304,transport,99,0.35259,0.49727,0.71030,0.71030,0.00000,0.99998
305,transport,100,0.34236,0.46885,0.68952,0.68952,0.00000,0.99998
306,transport,101,0.33230,0.44171,0.66909,0.66909,0.00000,0.99999
307,transport,102,0.32245,0.41590,0.64908,0.64908,0.00000,0.99999
308,transport,103,0.31276,0.39128,0.62941,0.62941,0.00000,0.99999
309,transport,104,0.30328,0.36790,0.61016,0.61016,0.00000,0.99999
310,transport,105,0.29395,0.34562,0.59125,0.59125,0.00000,0.99999
311,transport,106,0.28483,0.32450,0.57275,0.57275,0.00000,0.99999
312,transport,107,0.27586,0.30439,0.55458,0.55458,0.00000,0.99999
313,transport,108,0.26709,0.28536,0.53682,0.53682,0.00000,0.99999
314,transport,109,0.25848,0.26726,0.51939,0.51939,0.00000,0.99999
315,transport,110,0.25007,0.25015,0.50236,0.50236,0.00000,0.99999
316,transport,111,0.24182,0.23390,0.48565,0.48565,0.00000,0.99999
317,transport,112,0.23376,0.21857,0.46934,0.46934,0.00000,0.99999
318,transport,113,0.22584,0.20402,0.45334,0.45334,0.00000,0.99999
319,transport,114,0.21813,0.19032,0.43773,0.43773,0.00000,0.99999
320,transport,115,0.21055,0.17733,0.42242,0.42242,0.00000,0.99999
321,transport,116,0.20318,0.16512,0.40751,0.40751,0.00000,0.99999
322,transport,117,0.19593,0.15356,0.39288,0.39288,0.00000,0.99999
323,transport,118,0.18889,0.14271,0.37864,0.37864,0.00000,0.99999
324,transport,119,0.18197,0.13245,0.36469,0.36469,0.00000,0.99999
325,transport,120,0.17525,0.12285,0.35111,0.35111,0.00000,0.99999
326,transport,121,0.16865,0.11377,0.33781,0.33781,0.00000,0.99999
327,transport,122,0.16224,0.10529,0.32488,0.32488,0.00000,0.99999
328,transport,123,0.15596,0.09729,0.31221,0.31221,0.00000,0.99999
329,transport,124,0.14986,0.08983,0.29991,0.29991,0.00000,0.99999
330,transport,125,0.14388,0.08280,0.28786,0.28786,0.00000,0.99999
331,transport,126,0.13808,0.07626,0.27617,0.27617,0.00000,0.99999
332,transport,127,0.13240,0.07012,0.26473,0.26473,0.00000,0.99999
333,transport,128,0.12689,0.06440,0.25364,0.25364,0.00000,0.99999
334,transport,129,0.12150,0.05905,0.24279,0.24279,0.00000,0.99999
335,transport,130,0.11627,0.05408,0.23227,0.23227,0.00000,0.99998
336,transport,131,0.11116,0.04943,0.22199,0.22199,0.00000,0.99998
337,transport,132,0.10622,0.04513,0.21204,0.21204,0.00000,0.99998
338,transport,133,0.10138,0.04111,0.20232,0.20232,0.00000,0.99998
339,transport,134,0.09671,0.03741,0.19291,0.19291,0.00000,0.99998
340,transport,135,0.09214,0.03396,0.18374,0.18374,0.00000,0.99997
341,transport,136,0.08772,0.03078,0.17486,0.17486,0.00000,0.99997
342,transport,137,0.08341,0.02783,0.16621,0.16621,0.00000,0.99997
343,transport,138,0.07926,0.02513,0.15785,0.15785,0.00000,0.99996
344,transport,139,0.07520,0.02262,0.14971,0.14971,0.00000,0.99996
345,transport,140,0.07128,0.02033,0.14185,0.14185,0.00000,0.99995
346,transport,141,0.06747,0.01821,0.13420,0.13420,0.00000,0.99995
347,transport,142,0.06380,0.01628,0.12683,0.12683,0.00000,0.99994
348,transport,143,0.06022,0.01450,0.11965,0.11965,0.00000,0.99994
349,transport,144,0.05678,0.01290,0.11276,0.11276,0.00000,0.99993
350,transport,145,0.05343,0.01142,0.10606,0.10606,0.00000,0.99992
351,transport,146,0.05023,0.01009,0.09963,0.09963,0.00000,0.99991
352,transport,147,0.04711,0.00888,0.09339,0.09339,0.00000,0.99990
357,transport,1,1.73928,12.10044,2.37713,2.37713,0.00000,0.96206
358,transport,2,1.73848,12.08922,2.37647,2.37647,0.00000,0.96209
359,transport,3,1.73703,12.06905,2.37552,2.37552,0.00000,0.96217
360,transport,4,1.73490,12.03949,2.37412,2.37412,0.00000,0.96229
361,transport,5,1.73208,12.00046,2.37222,2.37222,0.00000,0.96246
362,transport,6,1.72861,11.95234,2.36986,2.36986,0.00000,0.96265
363,transport,7,1.72450,11.89561,2.36705,2.36705,0.00000,0.96289
364,transport,8,1.71979,11.83068,2.36383,2.36383,0.00000,0.96315
365,transport,9,1.71450,11.75798,2.36021,2.36021,0.00000,0.96345
366,transport,10,1.70865,11.67791,2.35621,2.35621,0.00000,0.96378
367,transport,11,1.70227,11.59086,2.35185,2.35185,0.00000,0.96413
368,transport,12,1.69541,11.49770,2.34721,2.34721,0.00000,0.96452
369,transport,13,1.68805,11.39799,2.34220,2.34220,0.00000,0.96493
370,transport,14,1.68022,11.29252,2.33691,2.33691,0.00000,0.96537
371,transport,15,1.67195,11.18161,2.33134,2.33134,0.00000,0.96583
372,transport,16,1.66329,11.06610,2.32558,2.32558,0.00000,0.96630
373,transport,17,1.65418,10.94531,2.31954,2.31954,0.00000,0.96680
374,transport,18,1.64471,10.82030,2.31331,2.31331,0.00000,0.96732
375,transport,19,1.63487,10.69115,2.30690,2.30690,0.00000,0.96786
376,transport,20,1.62464,10.55787,2.30029,2.30029,0.00000,0.96840
377,transport,21,1.61410,10.42123,2.29356,2.29356,0.00000,0.96896
378,transport,22,1.60323,10.28136,2.28671,2.28671,0.00000,0.96952
379,transport,23,1.59206,10.13865,2.27979,2.27979,0.00000,0.97009
380,transport,24,1.58060,9.99320,2.27280,2.27280,0.00000,0.97066
381,transport,25,1.56887,9.84535,2.26576,2.26576,0.00000,0.97123
382,transport,26,1.55687,9.69538,2.25870,2.25870,0.00000,0.97179
383,transport,27,1.54463,9.54352,2.25162,2.25162,0.00000,0.97234
384,transport,28,1.53216,9.39002,2.24455,2.24455,0.00000,0.97287
385,transport,29,1.51944,9.23484,2.23744,2.23744,0.00000,0.97339
386,transport,30,1.50654,9.07869,2.23035,2.23035,0.00000,0.97387
387,transport,31,1.49345,8.92154,2.22323,2.22323,0.00000,0.97433
388,transport,32,1.48017,8.76361,2.21605,2.21605,0.00000,0.97476
389,transport,33,1.46672,8.60510,2.20876,2.20876,0.00000,0.97515
390,transport,34,1.45311,8.44617,2.20131,2.20131,0.00000,0.97550
391,transport,35,1.43936,8.28702,2.19361,2.19361,0.00000,0.97581
392,transport,36,1.42547,8.12783,2.18558,2.18558,0.00000,0.97609
393,transport,37,1.41145,7.96877,2.17714,2.17714,0.00000,0.97633
394,transport,38,1.39732,7.81000,2.16819,2.16819,0.00000,0.97654
395,transport,39,1.38309,7.65173,2.15866,2.15866,0.00000,0.97672
396,transport,40,1.36878,7.49426,2.14847,2.14847,0.00000,0.97689
397,transport,41,1.35442,7.33787,2.13762,2.13762,0.00000,0.97704
398,transport,42,1.34009,7.18333,2.12619,2.12619,0.00000,0.97721
399,transport,43,1.32603,7.03344,2.11477,2.11477,0.00000,0.97739
400,transport,44,1.31001,6.86455,2.09790,2.09790,0.00000,0.97749
401,transport,45,1.29475,6.70548,2.08209,2.08209,0.00000,0.97766
402,transport,46,1.27962,6.54973,2.06591,2.06591,0.00000,0.97787
403,transport,47,1.26453,6.39615,2.04916,2.04916,0.00000,0.97812
404,transport,48,1.24944,6.24440,2.03180,2.03180,0.00000,0.97842
405,transport,49,1.23434,6.09437,2.01389,2.01389,0.00000,0.97878
406,transport,50,1.21922,5.94600,1.99549,1.99549,0.00000,0.97919
407,transport,51,1.20408,5.79926,1.97669,1.97669,0.00000,0.97968
408,transport,52,1.18892,5.65415,1.95758,1.95758,0.00000,0.98023
409,transport,53,1.17374,5.51068,1.93825,1.93825,0.00000,0.98086
410,transport,54,1.15854,5.36884,1.91880,1.91880,0.00000,0.98155
411,transport,55,1.14331,5.22866,1.89930,1.89930,0.00000,0.98232
412,transport,56,1.12807,5.09015,1.87982,1.87982,0.00000,0.98315
413,transport,57,1.11281,4.95335,1.86044,1.86044,0.00000,0.98404
414,transport,58,1.09753,4.81832,1.84118,1.84118,0.00000,0.98497
415,transport,59,1.08225,4.68509,1.82206,1.82206,0.00000,0.98594
416,transport,60,1.06697,4.55374,1.80307,1.80307,0.00000,0.98692
417,transport,61,1.05170,4.42432,1.78419,1.78419,0.00000,0.98791
418,transport,62,1.03645,4.29691,1.76538,1.76538,0.00000,0.98887
419,transport,63,1.02122,4.17157,1.74658,1.74658,0.00000,0.98981
420,transport,64,1.00603,4.04835,1.72774,1.72774,0.00000,0.99070
421,transport,65,0.99087,3.92730,1.70881,1.70881,0.00000,0.99154
422,transport,66,0.97577,3.80847,1.68977,1.68977,0.00000,0.99233
423,transport,67,0.96071,3.69189,1.67063,1.67063,0.00000,0.99306
424,transport,68,0.94572,3.57758,1.65146,1.65146,0.00000,0.99374
425,transport,69,0.93080,3.46556,1.63237,1.63237,0.00000,0.99438
426,transport,70,0.91595,3.35584,1.61356,1.61356,0.00000,0.99497
427,transport,71,0.90117,3.24842,1.59528,1.59528,0.00000,0.99554
428,transport,72,0.88648,3.14335,1.57789,1.57789,0.00000,0.99610
429,transport,73,0.87186,3.04059,1.56165,1.56165,0.00000,0.99665
430,transport,74,0.85733,2.94009,1.54684,1.54684,0.00000,0.99719
431,transport,75,0.84289,2.84185,1.53361,1.53361,0.00000,0.99772
432,transport,76,0.82853,2.74584,1.52191,1.52191,0.00000,0.99823
433,transport,77,0.81425,2.65204,1.51140,1.51140,0.00000,0.99868
434,transport,78,0.80006,2.56041,1.50148,1.50148,0.00000,0.99907
435,transport,79,0.78596,2.47093,1.49136,1.49136,0.00000,0.99938
436,transport,80,0.77194,2.38356,1.48026,1.48026,0.00000,0.99961
437,transport,81,0.75800,2.29827,1.46753,1.46753,0.00000,0.99977
438,transport,82,0.74415,2.21504,1.45280,1.45280,0.00000,0.99987
439,transport,83,0.73038,2.13384,1.43597,1.43597,0.00000,0.99993
440,transport,84,0.71671,2.05467,1.41715,1.41715,0.00000,0.99997
441,transport,85,0.70312,1.97750,1.39660,1.39660,0.00000,0.99998
442,transport,86,0.68962,1.90232,1.37463,1.37463,0.00000,0.99999
443,transport,87,0.67622,1.82912,1.35155,1.35155,0.00000,0.99999
444,transport,88,0.66293,1.75789,1.32764,1.32764,0.00000,0.99999
445,transport,89,0.64973,1.68861,1.30315,1.30315,0.00000,0.99999
446,transport,90,0.63665,1.62127,1.27826,1.27826,0.00000,0.99999
447,transport,91,0.62367,1.55586,1.25314,1.25314,0.00000,0.99999
448,transport,92,0.61081,1.49236,1.22792,1.22792,0.00000,0.99999
449,transport,93,0.59807,1.43076,1.20267,1.20267,0.00000,0.99999
450,transport,94,0.58545,1.37102,1.17749,1.17749,0.00000,0.99999
451,transport,95,0.57296,1.31313,1.15241,1.15241,0.00000,0.99999
452,transport,96,0.56060,1.25707,1.12750,1.12750,0.00000,0.99999
453,transport,97,0.54836,1.20281,1.10278,1.10278,0.00000,0.99999
454,transport,98,0.53627,1.15033,1.07827,1.07827,0.00000,0.99999
455,transport,99,0.52431,1.09959,1.05401,1.05401,0.00000,0.99999
456,transport,100,0.51249,1.05057,1.03001,1.03001,0.00000,0.99999
457,transport,101,0.50081,1.00324,1.00628,1.00628,0.00000,0.99998
458,transport,102,0.48928,0.95756,0.98283,0.98283,0.00000,0.99998
459,transport,103,0.47789,0.91351,0.95967,0.95967,0.00000,0.99998
460,transport,104,0.46665,0.87105,0.93681,0.93681,0.00000,0.99998
461,transport,105,0.45556,0.83014,0.91426,0.91426,0.00000,0.99998
462,transport,106,0.44462,0.79075,0.89203,0.89203,0.00000,0.99998
463,transport,107,0.43384,0.75285,0.87010,0.87010,0.00000,0.99998
464,transport,108,0.42320,0.71640,0.84850,0.84850,0.00000,0.99998
465,transport,109,0.41272,0.68137,0.82722,0.82722,0.00000,0.99998
466,transport,110,0.40240,0.64771,0.80626,0.80626,0.00000,0.99998
467,transport,111,0.39223,0.61539,0.78562,0.78562,0.00000,0.99998
468,transport,112,0.38222,0.58438,0.76532,0.76532,0.00000,0.99998
469,transport,113,0.37237,0.55464,0.74534,0.74534,0.00000,0.99998
470,transport,114,0.36267,0.52613,0.72569,0.72569,0.00000,0.99998
471,transport,115,0.35314,0.49882,0.70637,0.70637,0.00000,0.99998
472,transport,116,0.34376,0.47267,0.68738,0.68738,0.00000,0.99998
473,transport,117,0.33453,0.44765,0.66872,0.66872,0.00000,0.99998
474,transport,118,0.32547,0.42372,0.65039,0.65039,0.00000,0.99998
475,transport,119,0.31656,0.40084,0.63238,0.63238,0.00000,0.99998
476,transport,120,0.30781,0.37899,0.61470,0.61470,0.00000,0.99998
477,transport,121,0.29922,0.35812,0.59735,0.59735,0.00000,0.99998
478,transport,122,0.29078,0.33821,0.58031,0.58031,0.00000,0.99998
479,transport,123,0.28250,0.31922,0.56361,0.56361,0.00000,0.99998
480,transport,124,0.27437,0.30111,0.54722,0.54722,0.00000,0.99998
481,transport,125,0.26640,0.28387,0.53115,0.53115,0.00000,0.99998
482,transport,126,0.25858,0.26745,0.51539,0.51539,0.00000,0.99997
483,transport,127,0.25091,0.25183,0.49995,0.49995,0.00000,0.99997
484,transport,128,0.24340,0.23697,0.48483,0.48483,0.00000,0.99997
485,transport,129,0.23603,0.22285,0.47001,0.47001,0.00000,0.99997
486,transport,130,0.22882,0.20943,0.45550,0.45550,0.00000,0.99997
487,transport,131,0.22175,0.19670,0.44130,0.44130,0.00000,0.99997
488,transport,132,0.21484,0.18462,0.42740,0.42740,0.00000,0.99997
489,transport,133,0.20807,0.17316,0.41379,0.41379,0.00000,0.99997
490,transport,134,0.20144,0.16231,0.40049,0.40049,0.00000,0.99997
491,transport,135,0.19496,0.15203,0.38748,0.38748,0.00000,0.99996
492,transport,136,0.18862,0.14231,0.37476,0.37476,0.00000,0.99996
493,transport,137,0.18242,0.13311,0.36233,0.36233,0.00000,0.99996
494,transport,138,0.17636,0.12441,0.35018,0.35018,0.00000,0.99996
495,transport,139,0.17044,0.11620,0.33832,0.33832,0.00000,0.99996
496,transport,140,0.16466,0.10845,0.32673,0.32673,0.00000,0.99996
497,transport,141,0.15901,0.10114,0.31542,0.31542,0.00000,0.99995
498,transport,142,0.15350,0.09425,0.30438,0.30438,0.00000,0.99995
499,transport,143,0.14812,0.08776,0.29362,0.29362,0.00000,0.99995
500,transport,144,0.14287,0.08165,0.28312,0.28312,0.00000,0.99995
501,transport,145,0.13775,0.07590,0.27288,0.27288,0.00000,0.99994
502,transport,146,0.13276,0.07050,0.26290,0.26290,0.00000,0.99994
503,transport,147,0.12789,0.06543,0.25318,0.25318,0.00000,0.99994
504,transport,148,0.12316,0.06067,0.24371,0.24371,0.00000,0.99994
505,transport,149,0.11854,0.05621,0.23450,0.23450,0.00000,0.99993
506,transport,150,0.11405,0.05203,0.22553,0.22553,0.00000,0.99993
507,transport,151,0.10968,0.04812,0.21681,0.21681,0.00000,0.99992
508,transport,152,0.10542,0.04446,0.20832,0.20832,0.00000,0.99992
509,transport,153,0.10129,0.04104,0.20008,0.20008,0.00000,0.99992
510,transport,154,0.09727,0.03785,0.19207,0.19207,0.00000,0.99991
511,transport,155,0.09337,0.03487,0.18429,0.18429,0.00000,0.99991
512,transport,156,0.08958,0.03210,0.17674,0.17674,0.00000,0.99990
513,transport,157,0.08590,0.02952,0.16942,0.16942,0.00000,0.99989
514,transport,158,0.08233,0.02712,0.16232,0.16232,0.00000,0.99989
515,transport,159,0.07888,0.02489,0.15545,0.15545,0.00000,0.99988
516,transport,160,0.07553,0.02282,0.14879,0.14879,0.00000,0.99987
517,transport,161,0.07229,0.02090,0.14235,0.14235,0.00000,0.99986
518,transport,162,0.06915,0.01913,0.13612,0.13612,0.00000,0.99986
519,transport,163,0.06612,0.01749,0.13011,0.13011,0.00000,0.99985
520,transport,164,0.06320,0.01598,0.12430,0.12430,0.00000,0.99983
521,transport,165,0.06038,0.01458,0.11870,0.11870,0.00000,0.99982
522,transport,166,0.05766,0.01330,0.11331,0.11331,0.00000,0.99981
523,transport,167,0.05504,0.01212,0.10812,0.10812,0.00000,0.99980
524,transport,168,0.05252,0.01103,0.10314,0.10314,0.00000,0.99978
525,transport,169,0.05010,0.01004,0.09836,0.09836,0.00000,0.99976
526,transport,170,0.04779,0.00914,0.09379,0.09379,0.00000,0.99974
